{
  "project_info": {
    "project_number": "1065891460483",
    "project_id": "medyog-c9aed",
    "storage_bucket": "medyog-c9aed.appspot.com"
  },
  "client": [
    {
      "client_info": {
        "mobilesdk_app_id": "1:1065891460483:android:19a84a9645fe0b9b15b2b6",
        "android_client_info": {
          "package_name": "com.example.medyog"
        }
      },
      "oauth_client": [
        {
          "client_id": "1065891460483-cu23ibclc6mbhagvka9cqitpl7pbtgch.apps.googleusercontent.com",
          "client_type": 1,
          "android_info": {
            "package_name": "com.example.medyog",
            "certificate_hash": "2c6e01d70e4dbd07cef958868889ac1aa9a31971"
          }
        },
        {
          "client_id": "1065891460483-ccnlcviuoaq3s1b2u804bttuhb74kiuj.apps.googleusercontent.com",
          "client_type": 3
        }
      ],
      "api_key": [
        {
          "current_key": "AIzaSyCzfbuKM1B77dR3lXcHH_iXzqFMqQDfFds"
        }
      ],
      "services": {
        "appinvite_service": {
          "other_platform_oauth_client": [
            {
              "client_id": "1065891460483-ccnlcviuoaq3s1b2u804bttuhb74kiuj.apps.googleusercontent.com",
              "client_type": 3
            }
          ]
        }
      }
    }
  ],
  "configuration_version": "1"
}